"rank","title","price","rating","link","SKU","image_link"
"#1","adidas Men's Galaxy 6 M Trainers","SAR 279.00","4.1","https://www.amazon.sa//-/en/adidas-Galaxy-Running-Shoes-Color/dp/B09N3LQ5XS/ref=zg_bs_g_fashion_d_sccl_1/257-3551394-3339939?psc=1","B09N3LQ5XS","https://images-eu.ssl-images-amazon.com/images/I/61RRT1-uLRL._AC_UL600_SR600,400_.jpg"
"#2","ULTECHNOVO Digital Hanging Luggage Scale Portable Handheld Baggage Scale for Travel Suitcase Scale for Traveling with LCD Display 50kg/110lb","SAR 16.80","4.0","https://www.amazon.sa//-/en/ULTECHNOVO-Portable-Handheld-Suitcase-Traveling/dp/B07XCM3X1F/ref=zg_bs_g_fashion_d_sccl_2/257-3551394-3339939?psc=1","B07XCM3X1F","https://images-eu.ssl-images-amazon.com/images/I/51CmGQ5N4pL._AC_UL600_SR600,400_.jpg"
"#3","Jack & Jones Men's JACOLIVER TRUNKS 5 PACK Trunks","SAR 83.28","4.3","https://www.amazon.sa//-/en/Jack-Jones-Jacoliver-Trunks-Color/dp/B083Y89YDS/ref=zg_bs_g_fashion_d_sccl_3/257-3551394-3339939?psc=1","B083Y89YDS","https://images-eu.ssl-images-amazon.com/images/I/71LmKAu2sjL._AC_UL600_SR600,400_.jpg"
"#4","Jack & Jones Socks Socks (Pack Of 10) Men's","SAR 44.00","4.2","https://www.amazon.sa//-/en/Jack-Jones-Mens-Socks-Black/dp/B085DXJVN4/ref=zg_bs_g_fashion_d_sccl_4/257-3551394-3339939?psc=1","B085DXJVN4","https://images-eu.ssl-images-amazon.com/images/I/71CdMOgMYmL._AC_UL600_SR600,400_.jpg"
"#5","Duracell lithium coin 3 v ,2 pieces ( 2032 )child resistant packing","SAR 10.00","4.6","https://www.amazon.sa//-/en/Duracell-lithium-pieces-resistant-packing/dp/B00724OANK/ref=zg_bs_g_fashion_d_sccl_5/257-3551394-3339939?psc=1","B00724OANK","https://images-eu.ssl-images-amazon.com/images/I/61jTAuZxjAL._AC_UL600_SR600,400_.jpg"
"#6","Senator Hardside Carry on Luggage 20 Inches Small Suitcase on Wheels for Unisex | Ultra Lightweight cabin size luggage Carry on with Spinner Wheels 4 (Carry-On 20-Inch, Black)","SAR 99.00","4.0","https://www.amazon.sa//-/en/Senator-Hardside-Luggage-Suitcase-Lightweight/dp/B08BFPT734/ref=zg_bs_g_fashion_d_sccl_6/257-3551394-3339939?psc=1","B08BFPT734","https://images-eu.ssl-images-amazon.com/images/I/61fAp8GY4NL._AC_UL600_SR600,400_.jpg"
"#7","Tommy Hilfiger DENIM Men's Watch, Analog","SAR 299.00","4.5","https://www.amazon.sa//-/en/Tommy-Hilfiger-Black-Silicone-Watch/dp/B08X4HJPWJ/ref=zg_bs_g_fashion_d_sccl_7/257-3551394-3339939?psc=1","B08X4HJPWJ","https://images-eu.ssl-images-amazon.com/images/I/61UiFbxqZES._AC_UL600_SR600,400_.jpg"
"#8","WildHorn® RFID Protected Genuine Leather Wallet for Men's","SAR 19.00","3.8","https://www.amazon.sa//-/en/Wildhorn-India-Black-Wallet-Wh1173/dp/B07TDH6MJV/ref=zg_bs_g_fashion_d_sccl_8/257-3551394-3339939?psc=1","B07TDH6MJV","https://images-eu.ssl-images-amazon.com/images/I/71tTu7YTM-L._AC_UL600_SR600,400_.jpg"
"#9","Jack & Jones Stellar mens Sneakers","Price N/A","4.1","https://www.amazon.sa//-/en/Jack-Jones-Stellar-Sneakers-Color/dp/B07ZZMK9RM/ref=zg_bs_g_fashion_d_sccl_9/257-3551394-3339939?psc=1","B07ZZMK9RM","https://images-eu.ssl-images-amazon.com/images/I/61bmPMNyrmL._AC_UL600_SR600,400_.jpg"
"#10","Tommy Hilfiger Mens Thin Sleek Casual Bifold Wallet with 6 Credit Card Pockets and Removable Id Window Wallet","SAR 78.95","4.6","https://www.amazon.sa//-/en/Tommy-Hilfiger-Casual-Pockets-Removable/dp/B00422MCW6/ref=zg_bs_g_fashion_d_sccl_10/257-3551394-3339939?psc=1","B00422MCW6","https://images-eu.ssl-images-amazon.com/images/I/81qht9lFG8L._AC_UL600_SR600,400_.jpg"
"#11","Coach CADIE Women's Watch, Analog","SAR 648.80","4.4","https://www.amazon.sa//-/en/Coach-Womens-Silver-White-Stainless/dp/B0CC5QK7LR/ref=zg_bs_g_fashion_d_sccl_11/257-3551394-3339939?psc=1","B0CC5QK7LR","https://images-eu.ssl-images-amazon.com/images/I/61-TULEkNcL._AC_UL600_SR600,400_.jpg"
"#12","adidas Adilette Aqua Slide Beach and Pool UNA unisex-adult SLIPPER","SAR 56.00","3.8","https://www.amazon.sa//-/en/adidas-Adilette-Sandal-Unisex-Cblack/dp/B07FJ78GBC/ref=zg_bs_g_fashion_d_sccl_12/257-3551394-3339939?psc=1","B07FJ78GBC","https://images-eu.ssl-images-amazon.com/images/I/61-+6CX2a8L._AC_UL600_SR600,400_.jpg"
"#13","Adidas Kids Tensaur Sport 2.0 CF K","Price N/A","4.6","https://www.amazon.sa//-/en/adidas-Unisex-Tensaur-Sport-Training/dp/B0B31TNQRZ/ref=zg_bs_g_fashion_d_sccl_13/257-3551394-3339939?psc=1","B0B31TNQRZ","https://images-eu.ssl-images-amazon.com/images/I/61VaDoi-u0L._AC_UL600_SR600,400_.jpg"
"#14","Calvin Klein Mens Medium Rise Trunk Boxer Shorts(Pack of 3) (pack of 3)","SAR 300.00","4.4","https://www.amazon.sa//-/en/Calvin-Klein-Medium-Trunk-Shorts/dp/B001BEAWXY/ref=zg_bs_g_fashion_d_sccl_14/257-3551394-3339939?psc=1","B001BEAWXY","https://images-eu.ssl-images-amazon.com/images/I/71DJ0wR-Q4L._AC_UL600_SR600,400_.jpg"
"#15","Ted Baker womens Nikicon Ted Baker bags and accessorizes","SAR 134.17","4.5","https://www.amazon.sa//-/en/Ted-Baker-Womens-Nikicon-Black/dp/B0946W4VJ9/ref=zg_bs_g_fashion_d_sccl_15/257-3551394-3339939?psc=1","B0946W4VJ9","https://images-eu.ssl-images-amazon.com/images/I/71dv1iIYXJL._AC_UL600_SR600,400_.jpg"
"#16","Men's Travel Toiletry Organizer Bag Water-resistant Shaving Dopp Kit Bathroom Bag (Black Water-resistant)","SAR 17.84","4.0","https://www.amazon.sa//-/en/Toiletry-Organizer-Water-resistant-Shaving-Bathroom/dp/B07L4D32B8/ref=zg_bs_g_fashion_d_sccl_16/257-3551394-3339939?psc=1","B07L4D32B8","https://images-eu.ssl-images-amazon.com/images/I/71ovXzpKKNL._AC_UL600_SR600,400_.jpg"
"#17","Jack & Jones mens Jjeoxford Shirt L/S Noos Shirt","SAR 46.17","4.0","https://www.amazon.sa//-/en/Jack-Jones-Oxford-Shirt-White/dp/B08KXZ49CD/ref=zg_bs_g_fashion_d_sccl_17/257-3551394-3339939?psc=1","B08KXZ49CD","https://images-eu.ssl-images-amazon.com/images/I/61Mtm-f+SQL._AC_UL600_SR600,400_.jpg"
"#18","Michael Kors Mercer Extra-Small Pebbled Leather Crossbody Bag","SAR 293.32","4.2","https://www.amazon.sa//-/en/Michael-Kors-Extra-Small-Pebbled-Crossbody/dp/B09MG4BL6S/ref=zg_bs_g_fashion_d_sccl_18/257-3551394-3339939?psc=1","B09MG4BL6S","https://images-eu.ssl-images-amazon.com/images/I/71c6yoUuxdL._AC_UL600_SR600,400_.jpg"
"#19","Amazon Basics Hardside Carry On Spinner Luggage- 20 inch (50cm), Material: ABS, Black","SAR 149.00","4.5","https://www.amazon.sa//-/en/Amazon-Basics-Hardside-Luggage-Material/dp/B071VG5N9D/ref=zg_bs_g_fashion_d_sccl_19/257-3551394-3339939?psc=1","B071VG5N9D","https://images-eu.ssl-images-amazon.com/images/I/71s7HbyqzEL._AC_UL600_SR600,400_.jpg"
"#20","Esteem Apparel Original Men's Chest Compression Shirt to Hide Gynecomastia Moobs Shapewear","SAR 40.79","4.3","https://www.amazon.sa//-/en/X-Large-White-Compression-Gynecomastia-Undershirt/dp/B01IPSA8ZU/ref=zg_bs_g_fashion_d_sccl_20/257-3551394-3339939?psc=1","B01IPSA8ZU","https://images-eu.ssl-images-amazon.com/images/I/71x4LfAXxbL._AC_UL600_SR600,400_.jpg"
"#21","PUMA Purecat unisex-adult SANDAL","SAR 40.00","3.8","https://www.amazon.sa//-/en/PUMA-Unisex-adult-Purecat-Sandal/dp/B011V51NFI/ref=zg_bs_g_fashion_d_sccl_21/257-3551394-3339939?psc=1","B011V51NFI","https://images-eu.ssl-images-amazon.com/images/I/41yjsNb0X4L._AC_UL600_SR600,400_.jpg"
"#22","GUESS Womens NOELLE Shoulder Handbag","SAR 299.25","4.8","https://www.amazon.sa//-/en/GUESS-Women-Noelle-Shoulder-Multicolor/dp/B0BP2S5JVK/ref=zg_bs_g_fashion_d_sccl_22/257-3551394-3339939?psc=1","B0BP2S5JVK","https://images-eu.ssl-images-amazon.com/images/I/51IwBhGaQhL._AC_UL600_SR600,400_.jpg"
"#23","Medical Thicken Height Insoles with Cushioning for Sports Shoes (41-45), One Size","SAR 13.90","3.9","https://www.amazon.sa//-/en/Medical-Thicken-Height-Insoles-Cushioning/dp/B07MJNYK6N/ref=zg_bs_g_fashion_d_sccl_23/257-3551394-3339939?psc=1","B07MJNYK6N","https://images-eu.ssl-images-amazon.com/images/I/61ecvHUs4JL._AC_UL600_SR600,400_.jpg"
"#24","Ted Baker womens Nicon Vinyl Bow Shopper","SAR 168.80","4.5","https://www.amazon.sa//-/en/Ted-Baker-Womens-Nicon-Tote/dp/B0946YH6S1/ref=zg_bs_g_fashion_d_sccl_24/257-3551394-3339939?psc=1","B0946YH6S1","https://images-eu.ssl-images-amazon.com/images/I/51R7bo1Mu3L._AC_UL600_SR600,400_.jpg"
"#25","Amazon Brand - Symbol Men's Printed Regular fit T-Shirt","SAR 9.00","4.0","https://www.amazon.sa//-/en/Amazon-Brand-Printed-Regular-Aw20Symtee011-Black-L/dp/B08LV52TGB/ref=zg_bs_g_fashion_d_sccl_25/257-3551394-3339939?psc=1","B08LV52TGB","https://images-eu.ssl-images-amazon.com/images/I/71ZYReO8NqL._AC_UL600_SR600,400_.jpg"
"#26","Skechers GO WALK 6 - Traverse mens Shoes","SAR 188.00","4.2","https://www.amazon.sa//-/en/Skechers-WALK-Mens-Shoes-BLACK/dp/B09QCJG33M/ref=zg_bs_g_fashion_d_sccl_26/257-3551394-3339939?psc=1","B09QCJG33M","https://images-eu.ssl-images-amazon.com/images/I/61UYjkYuL6L._AC_UL600_SR600,400_.jpg"
"#27","Calvin Klein mens 3P Boxer Brief Boxer Short","SAR 257.00","4.4","https://www.amazon.sa//-/en/Calvin-Klein-Rise-Trunks-Color/dp/B077B7RV81/ref=zg_bs_g_fashion_d_sccl_27/257-3551394-3339939?psc=1","B077B7RV81","https://images-eu.ssl-images-amazon.com/images/I/71T18SkNlKL._AC_UL600_SR600,400_.jpg"
"#28","Calvin Klein Lisa womens Loafer Flat","SAR 187.75","4.3","https://www.amazon.sa//-/en/Calvin-Klein-Womens-Loafer-Black/dp/B097T2VZ8W/ref=zg_bs_g_fashion_d_sccl_28/257-3551394-3339939?psc=1","B097T2VZ8W","https://images-eu.ssl-images-amazon.com/images/I/71z1xxwA3VL._AC_UL600_SR600,400_.jpg"
"#29","Jack & Jones Mens (Pack Of 10) Socks","SAR 49.00","4.2","https://www.amazon.sa//-/en/Jack-Jones-Mens-Pack-Color/dp/B079KCTDR8/ref=zg_bs_g_fashion_d_sccl_29/257-3551394-3339939?psc=1","B079KCTDR8","https://images-eu.ssl-images-amazon.com/images/I/61yo+KNAP+L._AC_UL600_SR600,400_.jpg"
"#30","GUESS Womens NOELLE Shoulder Bag","SAR 307.56","4.4","https://www.amazon.sa//-/en/GUESS-Women-Noelle-Shoulder-Multicolor/dp/B0BRWFYZ4J/ref=zg_bs_g_fashion_d_sccl_30/257-3551394-3339939?psc=1","B0BRWFYZ4J","https://images-eu.ssl-images-amazon.com/images/I/718lu74dz3L._AC_UL600_SR600,400_.jpg"
"#31","Natural Feelings Mens Boxer Shorts Soft Cotton Men Pack Breathable Mens Underwear Boxer Briefs","SAR 75.99","4.2","https://www.amazon.sa//-/en/Natural-Feelings-Shorts-Breathable-Underwear/dp/B07XYMCBBV/ref=zg_bs_g_fashion_d_sccl_31/257-3551394-3339939?psc=1","B07XYMCBBV","https://images-eu.ssl-images-amazon.com/images/I/51TDhSDTgxL._AC_UL300_SR300,200_.jpg"
"#32","GUESS GWLOVEN womens Sneaker","SAR 159.00","4.2","https://www.amazon.sa//-/en/GUESS-Womens-Loven-Sneaker-White/dp/B08DXT8LPX/ref=zg_bs_g_fashion_d_sccl_32/257-3551394-3339939?psc=1","B08DXT8LPX","https://images-eu.ssl-images-amazon.com/images/I/518G3jarbOL._AC_UL300_SR300,200_.jpg"
"#33","D.D.Star Big Size Bathroom Slippers For Men and Women Non-Slip Quick Drying Shower Shoes Comfortable And Soft Sole Slide On Sandal","SAR 28.66","4.2","https://www.amazon.sa//-/en/D-D-Star-Bathroom-Slippers-Non-Slip-Comfortable/dp/B09RC3HZ71/ref=zg_bs_g_fashion_d_sccl_33/257-3551394-3339939?psc=1","B09RC3HZ71","https://images-eu.ssl-images-amazon.com/images/I/71jBo3ER9oL._AC_UL300_SR300,200_.jpg"
"#34","adidas Runfalcon 3.0 mens Sneaker","SAR 145.00","4.2","https://www.amazon.sa//-/en/adidas-Runfalcon-Running-Cblack-Carbon/dp/B0BN6FM29P/ref=zg_bs_g_fashion_d_sccl_34/257-3551394-3339939?psc=1","B0BN6FM29P","https://images-eu.ssl-images-amazon.com/images/I/61GMh5TLPKL._AC_UL300_SR300,200_.jpg"
"#35","Dagacci Scrubs Medical Uniform Women and Man Scrubs Set Medical Scrubs Top and Pants","SAR 115.41","4.3","https://www.amazon.sa//-/en/DAGACCI-Women-Scrubs-Medical-Uniform/dp/B00FT75RAC/ref=zg_bs_g_fashion_d_sccl_35/257-3551394-3339939?psc=1","B00FT75RAC","https://images-eu.ssl-images-amazon.com/images/I/71EXBw4mtXL._AC_UL300_SR300,200_.jpg"
"#36","PUKCLAR Sunglasses for Men Polarized Lightweight TR90 Frame UV400 Spring Hinges Sunglasses,Please identify PUKCLAR","SAR 75.95","4.0","https://www.amazon.sa//-/en/PUKCLAR-Sunglasses-Polarized-Lightweight-identify/dp/B09WR4RJPY/ref=zg_bs_g_fashion_d_sccl_36/257-3551394-3339939?psc=1","B09WR4RJPY","https://images-eu.ssl-images-amazon.com/images/I/61jHywIJIWL._AC_UL300_SR300,200_.jpg"
"#37","Hxx Women's PU Leather Satchel Handbag Crossbody Handbag Shoulder Bag for Women","SAR 65.99","4.0","https://www.amazon.sa//-/en/Leather-Satchel-Crossbody-Shoulder-Women-Grey/dp/B0BNQSMX4R/ref=zg_bs_g_fashion_d_sccl_37/257-3551394-3339939?psc=1","B0BNQSMX4R","https://images-eu.ssl-images-amazon.com/images/I/61YQoExhbTL._AC_UL300_SR300,200_.jpg"
"#38","Yellow Chimes Crystals from Swarovski Clip-On Earrings for Women","SAR 16.08","4.0","https://www.amazon.sa//-/en/Crystals-Swarovski-Stylish-Earrings-Jewellery/dp/B0755H9HTV/ref=zg_bs_g_fashion_d_sccl_38/257-3551394-3339939?psc=1","B0755H9HTV","https://images-eu.ssl-images-amazon.com/images/I/71X5mtd17rL._AC_UL300_SR300,200_.jpg"
"#39","Jack & Jones Men's Sense Trunks (Pack of 3)","SAR 40.00","4.0","https://www.amazon.sa//-/en/Jack-Jones-Sense-Trunks-Color/dp/B00WWPEJJO/ref=zg_bs_g_fashion_d_sccl_39/257-3551394-3339939?psc=1","B00WWPEJJO","https://images-eu.ssl-images-amazon.com/images/I/61KpqY8eosL._AC_UL300_SR300,200_.jpg"
"#40","adidas Tensaur Run 2.0 K unisex-child Shoes","SAR 102.00","4.3","https://www.amazon.sa//-/en/adidas-Tensaur-Unisex-BLURUS-CWHITE/dp/B09MV8DCDW/ref=zg_bs_g_fashion_d_sccl_40/257-3551394-3339939?psc=1","B09MV8DCDW","https://images-eu.ssl-images-amazon.com/images/I/61YGaYRl6kL._AC_UL300_SR300,200_.jpg"
"#41","Timberland mens TFO Tree Logo Tee NonRinger (Regular) T-Shirt","SAR 71.01","4.4","https://www.amazon.sa//-/en/MNSTFO-NonRinger-Regular-CASUAL-DENIM/dp/B08WR8Q6Z8/ref=zg_bs_g_fashion_d_sccl_41/257-3551394-3339939?psc=1","B08WR8Q6Z8","https://images-eu.ssl-images-amazon.com/images/I/81vGJbg70QL._AC_UL300_SR300,200_.jpg"
"#42","SKY-TOUCH 6Pcs SET Travel Luggage Organizer Packing Cubes Set Storage Bag Waterproof Laundry Bag Traveling Accessories - Grey","SAR 13.00","4.1","https://www.amazon.sa//-/en/SKY-TOUCH-Organizer-Waterproof-Traveling-Accessories/dp/B09KQ54PSD/ref=zg_bs_g_fashion_d_sccl_42/257-3551394-3339939?psc=1","B09KQ54PSD","https://images-eu.ssl-images-amazon.com/images/I/71Sfyew8NAL._AC_UL300_SR300,200_.jpg"
"#43","Casio Unisex-Adult Quartz Watch","SAR 36.30","4.4","https://www.amazon.sa//-/en/Casio-Stainless-Steel-Digital-Watch/dp/B001DJ1ML8/ref=zg_bs_g_fashion_d_sccl_43/257-3551394-3339939?psc=1","B001DJ1ML8","https://images-eu.ssl-images-amazon.com/images/I/61F10kL0roL._AC_UL300_SR300,200_.jpg"
"#44","ASICS Walk Sneakers for Men","SAR 722.09","4.3","https://www.amazon.sa//-/en/ASICS-Mens-Gel-Nimbus-Running-Black/dp/B0CFNKN9FJ/ref=zg_bs_g_fashion_d_sccl_44/257-3551394-3339939?psc=1","B0CFNKN9FJ","https://images-eu.ssl-images-amazon.com/images/I/519LZullfRL._AC_UL300_SR300,200_.jpg"
"#45","Columbia Men's CSC Basic Logo Short Sleeve Short Sleeve Shirt","SAR 42.40","3.8","https://www.amazon.sa//-/en/Columbia-Basic-Logo-Mens-White/dp/B07MSL6DF6/ref=zg_bs_g_fashion_d_sccl_45/257-3551394-3339939?psc=1","B07MSL6DF6","https://images-eu.ssl-images-amazon.com/images/I/61bjCEzJtnL._AC_UL300_SR300,200_.jpg"
"#46","Socks For Men, Five Pairs Cotton Men's Socks Deodorization Sweat Absorption, Daily and Running","SAR 20.00","4.1","https://www.amazon.sa//-/en/Socks-Cotton-Deodorization-Absorption-Running/dp/B09NSXQ53J/ref=zg_bs_g_fashion_d_sccl_46/257-3551394-3339939?psc=1","B09NSXQ53J","https://images-eu.ssl-images-amazon.com/images/I/71yVuU3HgQL._AC_UL300_SR300,200_.jpg"
"#47","2 Pack 60 Pcs Shoe Sneaker Wipes Cleaner Quick Wipes Disposable Travel Portable Removes Dirt, Stains, Natural, Large, Natural, Large","SAR 28.46","4.3","https://www.amazon.sa//-/en/Sneaker-Cleaner-Disposable-Portable-Removes/dp/B081VYGWVW/ref=zg_bs_g_fashion_d_sccl_47/257-3551394-3339939?psc=1","B081VYGWVW","https://images-eu.ssl-images-amazon.com/images/I/81+JVLvxFiL._AC_UL300_SR300,200_.jpg"
"#48","Styleville, Housemaid Uniform, Maid & Nanny Dress set","SAR 60.79","4.1","https://www.amazon.sa//-/en/Styleville-Housemaid-Uniform-Nanny-Dress/dp/B0BWXHFL9Y/ref=zg_bs_g_fashion_d_sccl_48/257-3551394-3339939?psc=1","B0BWXHFL9Y","https://images-eu.ssl-images-amazon.com/images/I/61X+zdU3hEL._AC_UL300_SR300,200_.jpg"
"#49","Under Armour UA Lockdown 6 unisex-adult Basketball Shoe","SAR 248.10","4.5","https://www.amazon.sa//-/en/Under-Armour-Lockdown-Unisex-Adults/dp/B09PPF72HB/ref=zg_bs_g_fashion_d_sccl_49/257-3551394-3339939?psc=1","B09PPF72HB","https://images-eu.ssl-images-amazon.com/images/I/51f97K1qS7L._AC_UL300_SR300,200_.jpg"
"#50","Elastic No Tie Shoe Laces For Adults,Kids,Elderly,System With Elastic Shoe Laces(2 Pairs)","SAR 19.99","4.4","https://www.amazon.sa//-/en/Elastic-Adults-Elderly-02-black-X-Large/dp/B082HB4MB5/ref=zg_bs_g_fashion_d_sccl_50/257-3551394-3339939?psc=1","B082HB4MB5","https://images-eu.ssl-images-amazon.com/images/I/711jZCWKYbL._AC_UL300_SR300,200_.jpg"
"#51","SLIMTA Men Women Safety Shoes Non-Slip Steel Toe Cap Trainers Mesh Breathable Lightweight Comfortable Puncture Proof Industrial Factory work Protective Black Sneakers","SAR 149.99","3.8","https://www.amazon.sa//-/en/Breathable-Lightweight-Comfortable-Industrial-Protective/dp/B0BGCPXCFK/ref=zg_bs_g_fashion_d_sccl_1/257-3551394-3339939?psc=1","B0BGCPXCFK","https://images-eu.ssl-images-amazon.com/images/I/71DklCQAosL._AC_UL600_SR600,400_.jpg"
"#52","Mens Socks,Anti-Blister Cushioned Breathable Running Cotton Socks, Athletic Ankle Sports Socks","SAR 34.99","4.3","https://www.amazon.sa//-/en/Lafoudre-Anti-Blister-Cushioned-Breathable-Athletic/dp/B0C7NNN8LZ/ref=zg_bs_g_fashion_d_sccl_2/257-3551394-3339939?psc=1","B0C7NNN8LZ","https://images-eu.ssl-images-amazon.com/images/I/7135bvorS1L._AC_UL600_SR600,400_.jpg"
"#53","Calvin Klein Women's Layne Loafer Flat","SAR 216.65","3.9","https://www.amazon.sa//-/en/Calvin-Klein-Womens-Layne-Loafer/dp/B092ZF26WR/ref=zg_bs_g_fashion_d_sccl_3/257-3551394-3339939?psc=1","B092ZF26WR","https://images-eu.ssl-images-amazon.com/images/I/81rPBVoWOnL._AC_UL600_SR600,400_.jpg"
"#54","Panasonic CR2032 Lithium Battery","SAR 19.00","4.5","https://www.amazon.sa//-/en/Panasonic-CR2032-Lithium-Battery/dp/B07RDWQN4J/ref=zg_bs_g_fashion_d_sccl_4/257-3551394-3339939?psc=1","B07RDWQN4J","https://images-eu.ssl-images-amazon.com/images/I/61xUpAQd-yL._AC_UL600_SR600,400_.jpg"
"#55","Calvin Klein girls 2 Piece Knit Woven Short Set Calvin Klein 2 Piece Knit Woven Short Set","SAR 115.67","Rating N/A","https://www.amazon.sa//-/en/Calvin-Klein-Piece-Woven-Short/dp/B0CJZ6FN98/ref=zg_bs_g_fashion_d_sccl_5/257-3551394-3339939?psc=1","B0CJZ6FN98","https://images-eu.ssl-images-amazon.com/images/I/61UwsuedEnL._AC_UL600_SR600,400_.jpg"
"#56","MICHAEL KORS MERCER MEDIUM MESSENGER CROSSBODY SATCHEL POWDER","SAR 382.79","4.5","https://www.amazon.sa//-/en/Mercer-Leather-Messenger-Crossbody-Handbag/dp/B09DTD3YY6/ref=zg_bs_g_fashion_d_sccl_6/257-3551394-3339939?psc=1","B09DTD3YY6","https://images-eu.ssl-images-amazon.com/images/I/71nzomeNdvL._AC_UL600_SR600,400_.jpg"
"#57","infino™ 5 Pairs Men's 100% Cotton Crew Socks: Mid-Calf, Dress Socks, Moisture Wicking, Suitable for All Seasons, Striped Pattern in a Variety of Colors for Business Casual Wear","SAR 34.99","4.1","https://www.amazon.sa//-/en/infinoTM-5-Pair-100-Cotton-Socks/dp/B0CKRTZF86/ref=zg_bs_g_fashion_d_sccl_7/257-3551394-3339939?psc=1","B0CKRTZF86","https://images-eu.ssl-images-amazon.com/images/I/51asLyykKOL._AC_UL600_SR600,400_.jpg"
"#58","Michael Kors Women's Jet Set Item LARGE EAST WEST CHAIN Crossbody","SAR 347.66","4.5","https://www.amazon.sa//-/en/Michael-Womens-Crossbody-VANILA-SOFTPINK/dp/B0927KZXYH/ref=zg_bs_g_fashion_d_sccl_8/257-3551394-3339939?psc=1","B0927KZXYH","https://images-eu.ssl-images-amazon.com/images/I/71-AL5O-w5L._AC_UL600_SR600,400_.jpg"
"#59","12 Grid Leather Watch Display Case Jewelry Collection Storage Organizer Box Holder, multi-colors","SAR 29.50","4.1","https://www.amazon.sa//-/en/Leather-Display-Collection-Organizer-multi-colors/dp/B07NDXWFLC/ref=zg_bs_g_fashion_d_sccl_9/257-3551394-3339939?psc=1","B07NDXWFLC","https://images-eu.ssl-images-amazon.com/images/I/71XdEJ3JnIL._AC_UL600_SR600,400_.jpg"
"#60","Empire Card Holder, Men Wallet, Credit Card Holder for Men RFID/NFC Blocking, Small Wallet for Woman, Slim Wallet for Men, Minimalist Wallet for Men Card Holder for Women, Jet Black Card Wallet","SAR 14.99","4.2","https://www.amazon.sa//-/en/Empire-Holder-Wallet-Blocking-Minimalist/dp/B095CSWW92/ref=zg_bs_g_fashion_d_sccl_10/257-3551394-3339939?psc=1","B095CSWW92","https://images-eu.ssl-images-amazon.com/images/I/61-HVbSAxpL._AC_UL600_SR600,400_.jpg"
"#61","Calvin Klein womens Calvin Klein 2 Pieces Long Sleeve Woven Shirt Set 2 Pieces Long Sleeve Woven Shirt Set","SAR 100.20","4.8","https://www.amazon.sa//-/en/Calvin-Klein-Pieces-Sleeve-British/dp/B0CD8F3PTM/ref=zg_bs_g_fashion_d_sccl_11/257-3551394-3339939?psc=1","B0CD8F3PTM","https://images-eu.ssl-images-amazon.com/images/I/81aV7AmlSEL._AC_UL600_SR600,400_.jpg"
"#62","7 Pack Packing Cubes Value Set for Travel Luggage Organiser Bag Compression Pouches Clothes Suitcase Packing Organizers Set with Toiletry Bag (Assorted colors)","SAR 27.29","4.5","https://www.amazon.sa//-/en/Organiser-Compression-Suitcase-Organizers-Toiletry/dp/B08439C579/ref=zg_bs_g_fashion_d_sccl_12/257-3551394-3339939?psc=1","B08439C579","https://images-eu.ssl-images-amazon.com/images/I/61h7j1IRa6L._AC_UL600_SR600,400_.jpg"
"#63","Calvin Klein Carlla womens Sneaker","SAR 362.98","4.4","https://www.amazon.sa//-/en/Calvin-Klein-Womens-CARLLA-Sneaker/dp/B0CPM3BDSJ/ref=zg_bs_g_fashion_d_sccl_13/257-3551394-3339939?psc=1","B0CPM3BDSJ","https://images-eu.ssl-images-amazon.com/images/I/6173bRlTOBL._AC_UL600_SR600,400_.jpg"
"#64","Steel Toe Shoes for Men Lightweight Work Shoes Breathable Safety Sneakers Industrial Construction Shoes","SAR 122.68","3.9","https://www.amazon.sa//-/en/TAERGU-Safety-Lightweight-Construction-Composite/dp/B0C74WVFWP/ref=zg_bs_g_fashion_d_sccl_14/257-3551394-3339939?psc=1","B0C74WVFWP","https://images-eu.ssl-images-amazon.com/images/I/719jjLJKCnL._AC_UL600_SR600,400_.jpg"
"#65","Casio Watch","SAR 55.00","4.2","https://www.amazon.sa//-/en/Casio-Casual-Digital-Display-A159W-N1DF/dp/B003BJDVNU/ref=zg_bs_g_fashion_d_sccl_15/257-3551394-3339939?psc=1","B003BJDVNU","https://images-eu.ssl-images-amazon.com/images/I/61JoZTSojLL._AC_UL600_SR600,400_.jpg"
"#66","Amazon Brand - House & Shields Men's Regular Fit T-Shirt","SAR 9.00","4.0","https://www.amazon.sa//-/en/Amazon-Brand-Shields-Regular-S-T-CD1-D2_Bright/dp/B099ZZ8GF8/ref=zg_bs_g_fashion_d_sccl_16/257-3551394-3339939?psc=1","B099ZZ8GF8","https://images-eu.ssl-images-amazon.com/images/I/819ngsTHqnL._AC_UL600_SR600,400_.jpg"
"#67","adidas Ultimashow Shoes mens Running Shoes","SAR 167.00","3.9","https://www.amazon.sa//-/en/adidas-Ultimashow-Shoes-Tecind-Ftwwht/dp/B087DD4811/ref=zg_bs_g_fashion_d_sccl_17/257-3551394-3339939?psc=1","B087DD4811","https://images-eu.ssl-images-amazon.com/images/I/71IYATgaD4L._AC_UL600_SR600,400_.jpg"
"#68","CHCH Small Crossbody Bag for Women,Cell Phone Purse Women's Shoulder Handbags Wallet Purse with Credit Card Slots Gold Hardware Chain Purses Shoulder Bag","SAR 325.55","4.5","https://www.amazon.sa//-/en/CHCH-Crossbody-Shoulder-Handbags-Hardware/dp/B0BVQWH92C/ref=zg_bs_g_fashion_d_sccl_18/257-3551394-3339939?psc=1","B0BVQWH92C","https://images-eu.ssl-images-amazon.com/images/I/81j-eIPuyFL._AC_UL600_SR600,400_.jpg"
"#69","Tommy Hilfiger Men's Classic Baseball Cap","SAR 206.00","4.3","https://www.amazon.sa//-/en/Tommy-Hilfiger-Mens-Classic-Color/dp/B016QM6O9G/ref=zg_bs_g_fashion_d_sccl_19/257-3551394-3339939?psc=1","B016QM6O9G","https://images-eu.ssl-images-amazon.com/images/I/716gmjnn9GL._AC_UL600_SR600,400_.jpg"
"#70","Tommy Hilfiger Women's Silver White Dial Beige Leather Watch","SAR 449.00","4.5","https://www.amazon.sa//-/en/Tommy-Hilfiger-Mens-Silicone-Watch/dp/B079QQ34RL/ref=zg_bs_g_fashion_d_sccl_20/257-3551394-3339939?psc=1","B079QQ34RL","https://images-eu.ssl-images-amazon.com/images/I/51mZNA9rHkL._AC_UL600_SR600,400_.jpg"
"#71","JH 24HM SOFT BODY CR 300 1+1F","SAR 23.95","4.6","https://www.amazon.sa//-/en/JH-24HM-SOFT-BODY-300/dp/B0CKTQ3HVN/ref=zg_bs_g_fashion_d_sccl_21/257-3551394-3339939?psc=1","B0CKTQ3HVN","https://images-eu.ssl-images-amazon.com/images/I/61t--F8dI7L._AC_UL600_SR600,400_.jpg"
"#72","6 Pairs of Mens Cotton Socks Cushioned Breathable Sports - Athletic Anti Blister Ankle Socks for Ultimate Comfort and Performance Size 6-11","SAR 43.99","4.2","https://www.amazon.sa//-/en/Pairs-Cotton-Cushioned-Breathable-Sports/dp/B0C6FJH8ST/ref=zg_bs_g_fashion_d_sccl_22/257-3551394-3339939?psc=1","B0C6FJH8ST","https://images-eu.ssl-images-amazon.com/images/I/61vVTw9QZ-L._AC_UL600_SR600,400_.jpg"
"#73","Perkanion Polarized Sunglasses UV400 Protection Classic Designer Fashion Sun Glasses for Men Women","SAR 26.99","4.4","https://www.amazon.sa//-/en/Perkanion-Polarized-Sunglasses-Protection-Designer/dp/B0C3H556R5/ref=zg_bs_g_fashion_d_sccl_23/257-3551394-3339939?psc=1","B0C3H556R5","https://images-eu.ssl-images-amazon.com/images/I/51A9shWTb3L._AC_UL600_SR600,400_.jpg"
"#74","Qiccijoo Travel Pillow, Memory Foam Neck Pillow with Comfortable & Breathable Cover for Sleeping, Car, Train, Bus and Home Use(Grey)","SAR 29.00","4.3","https://www.amazon.sa//-/en/Qiccijoo-Travel-Comfortable-Breathable-Sleeping/dp/B0B12T9ZPC/ref=zg_bs_g_fashion_d_sccl_24/257-3551394-3339939?psc=1","B0B12T9ZPC","https://images-eu.ssl-images-amazon.com/images/I/71fkfEkjkpL._AC_UL600_SR600,400_.jpg"
"#75","Guess Giully Floral Print Tote Bag, One Size","SAR 249.00","4.5","https://www.amazon.sa//-/en/GUESS-Women-Giully-Tote-Black/dp/B0BS5855Q5/ref=zg_bs_g_fashion_d_sccl_25/257-3551394-3339939?psc=1","B0BS5855Q5","https://images-eu.ssl-images-amazon.com/images/I/61OXebc5OEL._AC_UL600_SR600,400_.jpg"
"#76","Men's Low Cut Athletic Socks, 3 Pairs 100% Cotton Sports Comfort Cushion Sports Socks, Comfort Fit Breathable, Sweat-Absorptive Odor-Resistant Socks","SAR 36.79","4.3","https://www.amazon.sa//-/en/Athletic-Comfort-Breathable-Sweat-Absorptive-Odor-Resistant/dp/B0B9K8DYPT/ref=zg_bs_g_fashion_d_sccl_26/257-3551394-3339939?psc=1","B0B9K8DYPT","https://images-eu.ssl-images-amazon.com/images/I/71OEFojBQuL._AC_UL600_SR600,400_.jpg"
"#77","JOTO Water Shoes for Women Men Kids, Barefoot Quick-Dry Aqua Water Socks Slip-on Swim Beach Shoes for Snorkeling Surfing Kayaking Beach Walking Yoga","SAR 32.99","4.2","https://www.amazon.sa//-/en/JOTO-Barefoot-Quick-Dry-Snorkeling-Kayaking/dp/B085PNL1LH/ref=zg_bs_g_fashion_d_sccl_27/257-3551394-3339939?psc=1","B085PNL1LH","https://images-eu.ssl-images-amazon.com/images/I/81vE0W3OFtL._AC_UL600_SR600,400_.jpg"
"#78","adidas Runfalcon 2.0 Running mens Shoes","SAR 149.00","4.2","https://www.amazon.sa//-/en/Adidas-Runfalcon-Running-Cblack-Gresix/dp/B0919RKZ4R/ref=zg_bs_g_fashion_d_sccl_28/257-3551394-3339939?psc=1","B0919RKZ4R","https://images-eu.ssl-images-amazon.com/images/I/71Ch3lAakfL._AC_UL600_SR600,400_.jpg"
"#79","Bourge Women's Glatt04 Sports Shoes","SAR 54.00","4.8","https://www.amazon.sa//-/en/Bourge-Womens-Glatt04-Running-White/dp/B0C6MJS49Q/ref=zg_bs_g_fashion_d_sccl_29/257-3551394-3339939?psc=1","B0C6MJS49Q","https://images-eu.ssl-images-amazon.com/images/I/61s+XBEitqL._AC_UL600_SR600,400_.jpg"
"#80","Under Armour UA-Surge-3 mns shes mens Running Shoe","SAR 179.00","4.2","https://www.amazon.sa//-/en/Under-Armour-Surge-Laced-Shoes/dp/B09691KQB3/ref=zg_bs_g_fashion_d_sccl_30/257-3551394-3339939?psc=1","B09691KQB3","https://images-eu.ssl-images-amazon.com/images/I/51sQuWP5SdL._AC_UL600_SR600,400_.jpg"
"#81","WildHorn® RFID Protected Genuine Leather Wallet & Gift Combo for Men","SAR 28.00","4.1","https://www.amazon.sa//-/en/Wildhorn%C2%AE-Protected-Genuine-Keychain-GIFTBOX150-Blue/dp/B01GRI6Q3I/ref=zg_bs_g_fashion_d_sccl_81/257-3551394-3339939?psc=1","B01GRI6Q3I","https://images-eu.ssl-images-amazon.com/images/I/51-ne2guEvL._AC_UL300_SR300,200_.jpg"
"#82","Skechers VIRTUE womens Sneaker","SAR 116.00","4.3","https://www.amazon.sa//-/en/Skechers-VIRTUE-Womens-Sneaker-BLACK/dp/B0BMW1LJFT/ref=zg_bs_g_fashion_d_sccl_82/257-3551394-3339939?psc=1","B0BMW1LJFT","https://images-eu.ssl-images-amazon.com/images/I/81d0t1doLvL._AC_UL300_SR300,200_.jpg"
"#83","GUESS Women's Metal Sunglasses Pilot","SAR 97.80","4.1","https://www.amazon.sa//-/en/GUESS-Womens-Metal-Sunglasses-Gradient/dp/B0BYC3FLGZ/ref=zg_bs_g_fashion_d_sccl_83/257-3551394-3339939?psc=1","B0BYC3FLGZ","https://images-eu.ssl-images-amazon.com/images/I/6172EQi6xJL._AC_UL300_SR300,200_.jpg"
"#84","Wildhorn Leather Hand-Crafted Wallet for Men","SAR 19.85","4.0","https://www.amazon.sa//-/en/Wildhorn-Genuine-Leather-Hand-Crafted-Wallets/dp/B07FL9RSHJ/ref=zg_bs_g_fashion_d_sccl_84/257-3551394-3339939?psc=1","B07FL9RSHJ","https://images-eu.ssl-images-amazon.com/images/I/81nmscKwWkS._AC_UL300_SR300,200_.jpg"
"#85","VIDSID Shower Slippers Dry Quickly Bath Slippers Womens Non Slip Indoor Home Bedroom","SAR 23.79","4.3","https://www.amazon.sa//-/en/VIDSID-Shower-Slippers-Quickly-Bedroom/dp/B0C9XYRWSY/ref=zg_bs_g_fashion_d_sccl_85/257-3551394-3339939?psc=1","B0C9XYRWSY","https://images-eu.ssl-images-amazon.com/images/I/61tu3ktCdsL._AC_UL300_SR300,200_.jpg"
"#86","Bourge Men Loire-Z167 Sports Shoes","SAR 56.35","3.6","https://www.amazon.sa//-/en/Bourge-Loire-Z167-Sports-Shoes-6-Loire-287-06/dp/B085SLNPZH/ref=zg_bs_g_fashion_d_sccl_86/257-3551394-3339939?psc=1","B085SLNPZH","https://images-eu.ssl-images-amazon.com/images/I/81Ds83XnfPL._AC_UL300_SR300,200_.jpg"
"#87","PUMA Mens PUMA Phase Backpacks","SAR 49.00","4.5","https://www.amazon.sa//-/en/PUMA-School-Laptop-BACKPACK-Black-Golden/dp/B0BWK54R3L/ref=zg_bs_g_fashion_d_sccl_87/257-3551394-3339939?psc=1","B0BWK54R3L","https://images-eu.ssl-images-amazon.com/images/I/81VFg-bIPoL._AC_UL300_SR300,200_.jpg"
"#88","U.S. Polo Assn. Womens Quartz Watch, Analog Display and Stainless Steel Strap USC40118","SAR 89.00","4.1","https://www.amazon.sa//-/en/Womens-Quartz-Display-Stainless-USC40118/dp/B01BY7JU76/ref=zg_bs_g_fashion_d_sccl_88/257-3551394-3339939?psc=1","B01BY7JU76","https://images-eu.ssl-images-amazon.com/images/I/716LxKprDGL._AC_UL300_SR300,200_.jpg"
"#89","Amazon Brand - Symactive Men's Basic Vest (Pack of 2)","Price N/A","4.1","https://www.amazon.sa//-/en/Amazon-Brand-Symactive-Regular-Sysp-04-S21_Opal/dp/B093GYYDYZ/ref=zg_bs_g_fashion_d_sccl_89/257-3551394-3339939?psc=1","B093GYYDYZ","https://images-eu.ssl-images-amazon.com/images/I/71u6vnhMocL._AC_UL300_SR300,200_.jpg"
"#90","adidas Tensaur Run 2.0 CF K unisex-child Shoes","SAR 95.00","4.4","https://www.amazon.sa//-/en/Adidas-Tensaur-Unisex-Kids-CLPINK-CWHITE/dp/B09HZF9P14/ref=zg_bs_g_fashion_d_sccl_90/257-3551394-3339939?psc=1","B09HZF9P14","https://images-eu.ssl-images-amazon.com/images/I/51qtrc7C3-L._AC_UL300_SR300,200_.jpg"
"#91","Crocs Bayaband unisex-adult Slipper","SAR 157.00","4.4","https://www.amazon.sa//-/en/Crocs-Bayaband-Clog-Unisex-Adult-Pepper/dp/B077G91YX3/ref=zg_bs_g_fashion_d_sccl_91/257-3551394-3339939?psc=1","B077G91YX3","https://images-eu.ssl-images-amazon.com/images/I/71vMHpMYcEL._AC_UL300_SR300,200_.jpg"
"#92","Michael Kors Carmen XS Leather Pouchette Shoulder Bag","SAR 390.00","4.2","https://www.amazon.sa//-/en/Michael-Kors-Leather-Pouchette-Shoulder/dp/B0BCL4FX56/ref=zg_bs_g_fashion_d_sccl_92/257-3551394-3339939?psc=1","B0BCL4FX56","https://images-eu.ssl-images-amazon.com/images/I/51b3zagnAQL._AC_UL300_SR300,200_.jpg"
"#93","APIKA Bathroom Shower Anti-slip Slipper for men and women","SAR 22.99","3.9","https://www.amazon.sa//-/en/APIKA-Bathroom-Shower-Anti-slip-Slipper/dp/B082WXPQSY/ref=zg_bs_g_fashion_d_sccl_93/257-3551394-3339939?psc=1","B082WXPQSY","https://images-eu.ssl-images-amazon.com/images/I/711utkUlTiL._AC_UL300_SR300,200_.jpg"
"#94","GUESS Womens NOELLE Handbag","SAR 283.30","4.6","https://www.amazon.sa//-/en/GUESS-Women-Noelle-Camera-Latte/dp/B0CBLDGVTP/ref=zg_bs_g_fashion_d_sccl_94/257-3551394-3339939?psc=1","B0CBLDGVTP","https://images-eu.ssl-images-amazon.com/images/I/91CNLh2G+6L._AC_UL300_SR300,200_.jpg"
"#95","COOLIFE Suitcase Trolley Carry On Hand Cabin Luggage Hard Shell Travel Bag Lightweight with TSA Lock,The Suitcase Included 1pcs Travel Bag and 1pcs Toiletry Bag (White/Brown, 20 Inch Luggage Set)","SAR 229.98","4.6","https://www.amazon.sa//-/en/COOLIFE-Suitcase-Lightweight-Included-Toiletry/dp/B0C68DTBNQ/ref=zg_bs_g_fashion_d_sccl_95/257-3551394-3339939?psc=1","B0C68DTBNQ","https://images-eu.ssl-images-amazon.com/images/I/617rqylMZrL._AC_UL300_SR300,200_.jpg"
"#96","TcIFE Purses and Handbags for Womens Satchel Shoulder Tote Bags Wallets","SAR 107.18","4.3","https://www.amazon.sa//-/en/TcIFE-Handbags-Satchel-Shoulder-Wallets/dp/B0BN2WFDWN/ref=zg_bs_g_fashion_d_sccl_96/257-3551394-3339939?psc=1","B0BN2WFDWN","https://images-eu.ssl-images-amazon.com/images/I/41MW7QykvtS._AC_UL300_SR300,200_.jpg"
"#97","adidas Tensaur Sport 2.0 Cf I unisex-child Shoes","SAR 137.03","4.4","https://www.amazon.sa//-/en/adidas-Tensaur-Training-unisex-Ftwwht/dp/B0B31NY8T8/ref=zg_bs_g_fashion_d_sccl_97/257-3551394-3339939?psc=1","B0B31NY8T8","https://images-eu.ssl-images-amazon.com/images/I/51RqxEWpYAL._AC_UL300_SR300,200_.jpg"
"#98","CHCH Cross Body Bag Women, Genuine Leather Crossbody Bags for Women, Shoulder Bag with Compartments, Fashionable Soft Leather Cross-Body Bags for Women","Price N/A","Rating N/A","https://www.amazon.sa//-/en/CHCH-Crossbody-Compartments-Fashionable-Cross-Body/dp/B0CRKP2R5N/ref=zg_bs_g_fashion_d_sccl_98/257-3551394-3339939?psc=1","B0CRKP2R5N","https://images-eu.ssl-images-amazon.com/images/I/71dcIPxRAEL._AC_UL300_SR300,200_.jpg"
"#99","Lacoste LACOSTE.12.12 KIDS Kids Watch, Analog","SAR 119.00","4.5","https://www.amazon.sa//-/en/Lacoste-Kidss-White-Silicone-Watch/dp/B0B7MNG5JQ/ref=zg_bs_g_fashion_d_sccl_99/257-3551394-3339939?psc=1","B0B7MNG5JQ","https://images-eu.ssl-images-amazon.com/images/I/51sfWr5icsL._AC_UL300_SR300,200_.jpg"
"#100","Lgtfy Mens Slimming Body Shaper Vest, Gynecomastia Compression Shirts, Tummy Control Undershirts - Change in Seconds","SAR 45.50","3.4","https://www.amazon.sa//-/en/Lgtfy-Slimming-Gynecomastia-Compression-Undershirts/dp/B0B5DW3VJD/ref=zg_bs_g_fashion_d_sccl_100/257-3551394-3339939?psc=1","B0B5DW3VJD","https://images-eu.ssl-images-amazon.com/images/I/6147dyKeyPL._AC_UL300_SR300,200_.jpg"