"rank","title","price","rating","link"
"#1","HUAWEI Band 8 Smart Watch, Ultra-thin Design, Scientific Sleeping Tracking, 2-week battery life, Compatible with Android & iOS, 24/7 Health Management, Black","SAR 119.00","4.6","https://www.amazon.sa//-/en/HUAWEI-Ultra-thin-Scientific-Compatible-Management/dp/B0BZY4QVNK/ref=zg_bs_g_16966397031_d_sccl_1/257-6020925-8982453?psc=1"
"#2","HUAWEI Band 8 Smart Watch, Ultra-thin Design, Scientific Sleeping Tracking, 2-week battery life, Compatible with Android & iOS, 24/7 Health Management, Pink","SAR 119.00","4.7","https://www.amazon.sa//-/en/HUAWEI-Ultra-thin-Scientific-Compatible-Management/dp/B0BZY41481/ref=zg_bs_g_16966397031_d_sccl_2/257-6020925-8982453?psc=1"
"#3","HUAWEI WATCH GT 4 46 mm Smartwatch, 14 Days Battery Life, Science-based Calorie Management, Dual-Band Five-System GNSS Position, Pulse Wave Arrhythmia Analysis, Heartrate Monitor, Andriod & iOS, Green","SAR 749.00","4.6","https://www.amazon.sa//-/en/HUAWEI-Smartwatch-Science-based-Management-Five-System/dp/B0CGTP9V2H/ref=zg_bs_g_16966397031_d_sccl_3/257-6020925-8982453?psc=1"
"#4","iQIBLA Smart Tasbih Zikr Ring- Muslim Prayer- Prayer timing reminder- OLED display- Tasbih Counter- Smart Ring- Wearable Technology- Waterproof Black 22mm- E0120BK- 20mm- USB","SAR 63.00","4.0","https://www.amazon.sa//-/en/iQIBLA-reminder-display-Technology-Waterproof/dp/B09RV1MMQX/ref=zg_bs_g_16966397031_d_sccl_4/257-6020925-8982453?psc=1"
"#5","HUAWEI Band 8 Smart Watch, Ultra-thin Design, Scientific Sleeping Tracking, 2-week battery life, Compatible with Android & iOS, 24/7 Health Management, Green","SAR 119.00","4.5","https://www.amazon.sa//-/en/HUAWEI-Ultra-thin-Scientific-Compatible-Management/dp/B0BZXZZZV5/ref=zg_bs_g_16966397031_d_sccl_5/257-6020925-8982453?psc=1"
"#6","TRUEFREE Smart Watch for Men Women with Bluetooth Call 1.96"" Full Touch Screen Fitness Tracker with Heart Rate Blood Oxygen Sleep Monitor, IP68 Waterproof Activity Tracker for Android and IOS Phones","SAR 108.00","4.2","https://www.amazon.sa//-/en/TRUEFREE-Bluetooth-Fitness-Waterproof-Activity/dp/B0CCXSLS4Q/ref=zg_bs_g_16966397031_d_sccl_6/257-6020925-8982453?psc=1"
"#7","Compatible with Apple Watch Strap Band 49mm 45mm 44mm 42mm Braided Solo Loop Band Replacement Bands Adjustable Stretchable Elastics Sport Wristband for iWatch ultra2 ultra Series9/8/7/6/SE/5/4/3/2/1","SAR 33.25","4.3","https://www.amazon.sa//-/en/Compatible-Replacement-Adjustable-Stretchable-Wristband/dp/B0BFFRWG6V/ref=zg_bs_g_16966397031_d_sccl_7/257-6020925-8982453?psc=1"
"#8","Meta Quest 3 128GB— Breakthrough Mixed Reality — Powerful Performance — Asgard’s Wrath 2 Bundle","SAR 2,499.00","4.5","https://www.amazon.sa//-/en/Quest-128GB-Breakthrough-Mixed-Reality/dp/B0C8VKH1ZH/ref=zg_bs_g_16966397031_d_sccl_8/257-6020925-8982453?psc=1"
"#9","JETech Screen Protector for Apple Watch Series 9/8/7 45mm, Flexible TPU Film, Anti-Scratch HD Clear, 3-Pack","SAR 26.99","4.1","https://www.amazon.sa//-/en/JETech-Screen-Protector-Flexible-Anti-Scratch/dp/B0BH8L2BJC/ref=zg_bs_g_16966397031_d_sccl_9/257-6020925-8982453?psc=1"
"#10","Smart Watch for Women, AGPTEK Smartwatch for Android and iOS Phones IP68 Waterproof Activity Tracker with Full Touch Color Screen Heart Rate Monitor Pedometer Sleep Monitor, Pink","SAR 126.36","3.7","https://www.amazon.sa//-/en/AGPTEK-Smartwatch-Waterproof-Activity-Pedometer/dp/B08HMRY8NG/ref=zg_bs_g_16966397031_d_sccl_10/257-6020925-8982453?psc=1"
"#11","Meta Quest 3— 512GB – Breakthrough mixed reality – Powerful performance – Asgard’s Wrath 2 and Meta Quest+ bundle","SAR 3,099.00","4.5","https://www.amazon.sa//-/en/Meta-Quest-512GB-Breakthrough-performance/dp/B0CFRMSZW4/ref=zg_bs_g_16966397031_d_sccl_11/257-6020925-8982453?psc=1"
"#12","FitTurn Metal Watch Band Compatible with Huawei Watch GT Runner/GT3 46mm/GT2 46mm Wrist Strap Compatible with Huawei Watch 3/Watch 3 Pro Bands for Huawei Watch GT2 Pro/GT3 Pro Bracelet","SAR 40.45","4.3","https://www.amazon.sa//-/en/FitTurn-Compatible-Huawei-Runner-Bracelet/dp/B09YLYCNG8/ref=zg_bs_g_16966397031_d_sccl_12/257-6020925-8982453?psc=1"
"#13","JETech Screen Protector for Apple Watch Series 9/8/7 41mm, Flexible TPU Film, Anti-Scratch HD Clear, 3-Pack","SAR 26.99","4.1","https://www.amazon.sa//-/en/JETech-Screen-Protector-Flexible-Anti-Scratch/dp/B0BH82SPG9/ref=zg_bs_g_16966397031_d_sccl_13/257-6020925-8982453?psc=1"
"#14","Apple Apple Watch Magnetic Fast Charger to USB-C Cable (1 m) ​​​​​​​","SAR 129.00","4.7","https://www.amazon.sa//-/en/Apple-Watch-Magnetic-Charger-USB-C/dp/B0CHWV7W37/ref=zg_bs_g_16966397031_d_sccl_14/257-6020925-8982453?psc=1"
"#15","Amazfit T Rex 2 Smart Watch, Premium Multisport GPS Sports Watch, Real-time Navigation, Strength Exercise, 150+ Sports Modes, Heart Rate, SpO2 Monitoring, Ember Black","SAR 691.42","4.6","https://www.amazon.sa//-/en/Amazfit-Multisport-Real-time-Navigation-Monitoring/dp/B09ZYLLXGW/ref=zg_bs_g_16966397031_d_sccl_15/257-6020925-8982453?psc=1"
"#16","Aeac Smart Watch (Answer/Make Call) for Men Women,1.8"" Fitness Watch for iPhone iOS Andriod with Heart Rate/Blood Oxygen/Sleep/Stress Monitor,100+ Sport Modes,Fitness Tracker IP68 Waterproof","SAR 124.80","3.9","https://www.amazon.sa//-/en/Fitness-Andriod-Monitor-Tracker-Waterproof/dp/B0B6TR1BN1/ref=zg_bs_g_16966397031_d_sccl_16/257-6020925-8982453?psc=1"
"#17","HUAWEI Band 7 Smartwatch Health and Fitness Tracker, Slim bezel-less screen, 2-week battery life, SpO2 Blood Oxygen & Heart Rate monitor, Sleep Tracking, Stress Monitoring, 96 Workout Modes, Black","SAR 135.00","4.5","https://www.amazon.sa//-/en/HUAWEI-Smartwatch-bezel-less-Tracking-Monitoring/dp/B0B1J8DRTR/ref=zg_bs_g_16966397031_d_sccl_17/257-6020925-8982453?psc=1"
"#18","Fitonus Smart Watch (Answer/Make Calls), 1.39 ""Smart Watch for Men, 123 Sports Modes Fitness Tracker Watch, IP67 Waterproof Heart Rate Monitor Pedometer Sleep Monitor for IOS Android Phones (Black)","SAR 111.00","4.3","https://www.amazon.sa//-/en/Fitonus-Fitness-Tracker-Waterproof-Pedometer/dp/B0CH9QFKL8/ref=zg_bs_g_16966397031_d_sccl_18/257-6020925-8982453?psc=1"
"#19","ECVV 4 Pieces Apple Airtag Wristband for Airtag Nylon Airtag Bracelet Anti-Lost GPS Trackers Protector Case Cover Watch Strap for Elderly Children Kids Velcro Adjustable Watch Bands","SAR 25.00","5.0","https://www.amazon.sa//-/en/ECVV-Wristband-Anti-Lost-Adjustable-Bands-22CM/dp/B0CGHV7646/ref=zg_bs_g_16966397031_d_sccl_19/257-6020925-8982453?psc=1"
"#20","Smart Watch for Men Women(Bluetooth Answer/Make Call), Smartwatch Alexa Built-in, 1.8"" Fitness Watch with Heart Rate/SpO2/Sleep Monitor/100 Sports/IP68 Waterproof, Activity Trackers (black)","SAR 137.90","4.2","https://www.amazon.sa//-/en/Bluetooth-Smartwatch-Waterproof-Activity-Trackers/dp/B0BXLHNW91/ref=zg_bs_g_16966397031_d_sccl_20/257-6020925-8982453?psc=1"
"#21","Apple Watch Series 9 [GPS 45mm] Smartwatch with Midnight Aluminum Case with Midnight Sport Band M/L. Fitness Tracker, Blood Oxygen & ECG Apps, Always-On Retina Display, Water Resistant","Price N/A","4.7","https://www.amazon.sa//-/en/Apple-Smartwatch-Midnight-Aluminum-Resistant/dp/B0CHX1J16L/ref=zg_bs_g_16966397031_d_sccl_21/257-6020925-8982453?psc=1"
"#22","KIWI design Comfort Head Strap Compatible with Meta Quest 3 Accessories, Elite Strap Replacement for Enhanced Support","SAR 183.99","4.8","https://www.amazon.sa//-/en/KIWI-design-Compatible-Accessories-Replacement/dp/B0CMW2WTNJ/ref=zg_bs_g_16966397031_d_sccl_22/257-6020925-8982453?psc=1"
"#23","EPULY Compatible with Apple Watch Ultra Band 49mm 45mm 44mm 42mm 41mm 40mm 38mm,Men and Women Stainless Steel Metal Band for iWatch Series SE/8/7/6/5/4/3/2/1","SAR 88.87","4.5","https://www.amazon.sa//-/en/EPULY-Compatible-Stainless-1-Ultra-Titanium/dp/B0CD1WK52R/ref=zg_bs_g_16966397031_d_sccl_23/257-6020925-8982453?psc=1"
"#24","ibsun AMOLED Smart Watch, 1.43"" Smart Watches for Men with IP68,Bluetooth Call, AI Voice Assistant, Blood/Oxygen/Heart Rate Monitor Fitness Watch for Android iOS","SAR 158.99","4.0","https://www.amazon.sa//-/en/ibsun-Watches-Bluetooth-Assistant-Monitor/dp/B0CHPGZB8H/ref=zg_bs_g_16966397031_d_sccl_24/257-6020925-8982453?psc=1"
"#25","Smart Watch for Women (Alexa Built-in & Bluetooth Call), 1.8"" Smartwatch with SpO2/Heart Rate/Sleep/Stress Monitor, Calorie/Step/Distance Counter, 100+ Sport Modes, IP68 Fitness Watch for Android iOS","SAR 198.99","4.3","https://www.amazon.sa//-/en/Bluetooth-Smartwatch-Monitor-Calorie-Distance/dp/B0CK2776RV/ref=zg_bs_g_16966397031_d_sccl_25/257-6020925-8982453?psc=1"
"#26","ASWEE Smart Watch for Men Women Kids Fitness Tracker 1.47 Touch Screen with 130+ Sports Modes, 24/7 Heart Rate Sleep Monitor, IP 68 Waterproof Smartwatch Activity Tracker for Android iOS","SAR 125.00","4.6","https://www.amazon.sa//-/en/ASWEE-Fitness-Waterproof-Smartwatch-Activity/dp/B0CLRM9DN3/ref=zg_bs_g_16966397031_d_sccl_26/257-6020925-8982453?psc=1"
"#27","SoundPEATS 1.85"" Watch 3 Fitness Tracker with 70 Sports Modes, SpO2 Heart Rate Sleep Monitor 230+ Watch Faces, Smart Watch for Men Women Physiological Cycle IP68 Smartwatch for iPhone Android Phones","SAR 104.14","3.7","https://www.amazon.sa//-/en/SoundPEATS-Fitness-Tracker-Physiological-Smartwatch/dp/B0BLSD3HCD/ref=zg_bs_g_16966397031_d_sccl_27/257-6020925-8982453?psc=1"
"#28","Smart Watch SoundPEATS Watch Pro 1 SpO2, Smartwatch for Men Women, Fitness Tracker 13 Sports Modes Heart Rate Sleep Tracker & Customizable Dials, Compatible with iPhone Android Phones IP68 Waterproof","SAR 128.99","3.9","https://www.amazon.sa//-/en/SoundPEATS-Smartwatch-Customizable-Compatible-Waterproof/dp/B08YYVK79F/ref=zg_bs_g_16966397031_d_sccl_28/257-6020925-8982453?psc=1"
"#29","Spigen GLAStR EZ Fit designed for Apple Watch ULTRA (49mm) / Apple Watch ULTRA 2 (49mm) Tempered Glass Screen Protector with Auto Align install kit - [2 Pack]","SAR 74.97","4.5","https://www.amazon.sa//-/en/Spigen-designed-Tempered-Protector-install/dp/B0BCXFZVH8/ref=zg_bs_g_16966397031_d_sccl_29/257-6020925-8982453?psc=1"
"#30","Vertebraid Fast Charging USB C Watch Charger Cord Compatible for Apple Watch, Magnetic Watch Charging Cable Compatible for Watch Series 9/8/7/Ultra/Ultra2/SE2/6/5/4/3/2/1/SE1, Type C Cord, 4.9ft","SAR 65.00","4.6","https://www.amazon.sa//-/en/Vertebraid-Charging-Charger-Compatible-Magnetic/dp/B0CB8K2776/ref=zg_bs_g_16966397031_d_sccl_30/257-6020925-8982453?psc=1"
"#31","Fitbit Inspire 3 Activity Tracker with 6-months Premium Membership Included, up to 10 days battery life and Daily Readiness Score - Black/Midnight Zen, One Size","SAR 330.40","4.3","https://www.amazon.sa//-/en/Fitbit-Activity-6-months-Membership-Readiness/dp/B0B6WRFY5S/ref=zg_bs_g_16966397031_d_sccl_31/257-6020925-8982453?psc=1"
"#32","Oculus Quest 2 - Advanced All-In-One Virtual Reality Headset - 128 GB (Renewed Premium)","SAR 1,395.77","4.6","https://www.amazon.sa//-/en/Oculus-Quest-Advanced-All-One/dp/B09DDM2371/ref=zg_bs_g_16966397031_d_sccl_32/257-6020925-8982453?psc=1"
"#33","HUAWEI WATCH GT 4 46mm Smartwatch, 14 Days Battery Life, Science-based Calorie Management, Dual-Band Five-System GNSS Position, Pulse Wave Arrhythmia Analysis, Heart Rate Monitor, Andriod & iOS, Brown","SAR 849.00","4.7","https://www.amazon.sa//-/en/HUAWEI-Smartwatch-Science-based-Management-Five-System/dp/B0CGTDFCPB/ref=zg_bs_g_16966397031_d_sccl_33/257-6020925-8982453?psc=1"
"#34","SHOWAY Smart Tasbih Zikr Ring, Muslim Prayer, Prayer timing reminder, OLED display, Tasbih Counter, Smart Ring, Wearable Technology, Waterproof White 18mm, E0118WH","SAR 112.82","4.5","https://www.amazon.sa//-/en/reminder-display-Wearable-Technology-Waterproof/dp/B09RV3K9M7/ref=zg_bs_g_16966397031_d_sccl_34/257-6020925-8982453?psc=1"
"#35","Lomet 22mm Stainless Steel Mesh Loop Bracelet Strap Compatible with Samsung Galaxy Watch 3 45mm/Gear S3 Frontier/Classic Band, Replacement for Ticwatch Pro/Samsung Galaxy Watch 46mm","SAR 27.03","3.9","https://www.amazon.sa//-/en/Lomet-Stainless-Bracelet-Compatible-Replacement/dp/B08JGBZB32/ref=zg_bs_g_16966397031_d_sccl_35/257-6020925-8982453?psc=1"
"#36","Xiaomi | Smart Band 7 | 5ATM Waterproof/up to 50meter | 1,62 inch AMOLED Display - +100Training Modes - Magnetic Charging | Bluetooth 5.2 BLE | 180mAh Battery | Android, iOS | Silicone Strap | Black","Price N/A","4.5","https://www.amazon.sa//-/en/Xiaomi-Waterproof-50meter-AMOLED-Display/dp/B0B2DK5YCP/ref=zg_bs_g_16966397031_d_sccl_36/257-6020925-8982453?psc=1"
"#37","JETech Case with Screen Protector Compatible with Apple Watch Series 9 8 7 45mm, Overall Protective Cover, Built-in Tempered Glass Film High Sensitivity, 2 Pack (Clear)","SAR 31.99","4.2","https://www.amazon.sa//-/en/JETech-Protector-Compatible-Protective-Sensitivity/dp/B0B7XDSNBZ/ref=zg_bs_g_16966397031_d_sccl_37/257-6020925-8982453?psc=1"
"#38","HUAWEI WATCH FIT 2 Smartwatch - Activity Tracker with Heart Rate & Blood Oxygen Monitoring - Long Lasting Battery up to 10 Days - Waterproof Fitness Watch with Multisport Tracker - Black","SAR 339.00","4.4","https://www.amazon.sa//-/en/HUAWEI-WATCH-FIT-Smartwatch-Monitoring/dp/B0B1PS9WF8/ref=zg_bs_g_16966397031_d_sccl_38/257-6020925-8982453?psc=1"
"#39","T Tersely 1M/3.3ft Charging Cable Clip Dock Charger for Samsung Galaxy Watch 6/5/4 (40mm/44mm), Watch 6 Classic (43mm/47mm), Watch 5 Pro, Active 2/1, Watch4 Classic, Watch 3","SAR 29.69","4.1","https://www.amazon.sa//-/en/Tersely-Charging-Charger-Samsung-Classic/dp/B08FR7BC88/ref=zg_bs_g_16966397031_d_sccl_39/257-6020925-8982453?psc=1"
"#40","Lamicall Titanium Screen Protector for Apple Watch Ultra 49mm - [Enjoy Original Beauty] Aviation Titanium Bumper Frame Case Cover +2Pack Tempered Glass Film [Sensitive Touch] for iWatch Ultra/Ultra 2","SAR 31.99","4.3","https://www.amazon.sa//-/en/Lamicall-Titanium-Screen-Protector-Apple/dp/B0C492CJWT/ref=zg_bs_g_16966397031_d_sccl_40/257-6020925-8982453?psc=1"
"#41","INFOSUN for Apple Watch Band 38mm 40mm 41mm","SAR 25.58","4.3","https://www.amazon.sa//-/en/INFOSUN-Stretchy-Compatible-Adjustable-Braided/dp/B0BNXT8XJJ/ref=zg_bs_g_16966397031_d_sccl_41/257-6020925-8982453?psc=1"
"#42","Smart Watch for Men (Alexa Built-in & Bluetooth Call), 1.8"" Smartwatch with SpO2/Heart Rate/Sleep/Stress Monitor, Calorie/Step/Distance Counter, 100+ Sport Modes, IP68 Fitness Watch for Android iOS","SAR 198.99","4.3","https://www.amazon.sa//-/en/Bluetooth-Smartwatch-Monitor-Calorie-Distance/dp/B0CK2BSSP9/ref=zg_bs_g_16966397031_d_sccl_42/257-6020925-8982453?psc=1"
"#43","Iqibla Smart Tasbih Zikr Ring (22 MM, Space Grey)","SAR 99.00","5.0","https://www.amazon.sa//-/en/Iqibla-Smart-Tasbih-Zikr-Space/dp/B0BDL1R8XJ/ref=zg_bs_g_16966397031_d_sccl_43/257-6020925-8982453?psc=1"
"#44","JETech Case with Screen Protector Compatible with Apple Watch Series 9 8 7 45mm, Overall Protective Cover, Built-in Tempered Glass Film High Sensitivity, 2 Pack (Black)","SAR 29.99","4.2","https://www.amazon.sa//-/en/JETech-Protector-Compatible-Protective-Sensitivity/dp/B0B7XGWRM7/ref=zg_bs_g_16966397031_d_sccl_44/257-6020925-8982453?psc=1"
"#45","JETech Screen Protector for Apple Watch SE (2022/2020) /Series 6 5 4 44mm, Flexible TPU Film, Anti-Scratch HD Clear, 3-Pack","SAR 26.99","4.1","https://www.amazon.sa//JETech-Screen-Protector-Flexible-Anti-Scratch/dp/B07QS4N4L2/ref=zg_bs_g_16966397031_d_sccl_45/257-6020925-8982453?psc=1"
"#46","Metal Straps for Huawei Band 8, Adjustable Stainless Steel Replacement Strap with Magnetic Buckle for Huawei Band 8 Women Men","Price N/A","4.0","https://www.amazon.sa//-/en/Straps-Adjustable-Stainless-Replacement-Magnetic/dp/B0CLNCZ2L7/ref=zg_bs_g_16966397031_d_sccl_46/257-6020925-8982453?psc=1"
"#47","[3 Pack] Hard Case for Apple Watch 45/41/40/38mm Series 8 7 6 5 4 SE 3 2 1 with Tempered Glass Screen Protector, [Touch Sensitive] [Full Coverage](45MM Black/Navy Blue/Clear)","SAR 28.58","4.7","https://www.amazon.sa//-/en/Tempered-Screen-Protector-Sensitive-Coverage/dp/B0C654827F/ref=zg_bs_g_16966397031_d_sccl_47/257-6020925-8982453?psc=1"
"#48","HUAWEI WATCH FIT 2 Smartwatch - Activity Tracker with Heart Rate & Blood Oxygen Monitoring - Long Lasting Battery up to 10 Days - Waterproof Fitness Watch with Multisport Tracker - Blue","SAR 339.00","4.4","https://www.amazon.sa//-/en/HUAWEI-WATCH-FIT-Smartwatch-Monitoring/dp/B0B1PSHLF8/ref=zg_bs_g_16966397031_d_sccl_48/257-6020925-8982453?psc=1"
"#49","iQIBLA Smart Tasbih Zikr Ring, Muslim Prayer, Prayer timing reminder, OLED display, Tasbih Counter, Smart Ring, Wearable Technology, Waterproof (Brown 20mm)","Price N/A","4.0","https://www.amazon.sa//-/en/reminder-display-Wearable-Technology-Waterproof/dp/B0BV9HQTDK/ref=zg_bs_g_16966397031_d_sccl_49/257-6020925-8982453?psc=1"
"#50","SoundPEATS Smart Watch 4 (Answer/Make Calls) 1.38"" Smart Watches for Men Women, 109 Sport Modes Fitness Tracker with Heart Rate Blood Oxygen Sleep Monitor IP68 Waterproof Smartwatch for Android iPhone","SAR 116.00","4.1","https://www.amazon.sa//-/en/SoundPEATS-Watches-Fitness-Waterproof-Smartwatch/dp/B0CHY7MZ9J/ref=zg_bs_g_16966397031_d_sccl_50/257-6020925-8982453?psc=1"
"#51","3E Silicone Bracelet, Replacement Band for Huawei Watch GT, GT2, GT2Pro Samsung Watch 3, S3 S4, Active2, Honor Magic2 (Black, Red, 46mm)","SAR 14.92","4.2","https://www.amazon.sa//-/en/3E-Silicone-Bracelet-Replacement-Samsung/dp/B08MR21Q84/ref=zg_bs_g_16966397031_d_sccl_1/257-6020925-8982453?psc=1"
"#52","Smart Watch, AGPTEK Smartwatch for Men Women IP68 Waterproof Activity Tracker with Full Touch Color Screen Heart Rate Monitor Pedometer Sleep Monitor for Android and iOS Phones, Black","SAR 126.36","3.7","https://www.amazon.sa//-/en/AGPTEK-Smartwatch-Waterproof-Activity-Pedometer/dp/B08HV7LW3Q/ref=zg_bs_g_16966397031_d_sccl_2/257-6020925-8982453?psc=1"
"#53","LinJie Smart Ring, Muslim Prayer, Prayer timing reminder, OLED display, Tasbih Counter, Smart Ring, Wearable Technology, Waterproof (22mm)","Price N/A","4.0","https://www.amazon.sa//-/en/LinJie-reminder-Wearable-Technology-Waterproof/dp/B0CPLNT9KS/ref=zg_bs_g_16966397031_d_sccl_3/257-6020925-8982453?psc=1"
"#54","3E Bi-Color Sport Silicone Bracelet Replacement Band (22mm, Black/Gray)","SAR 15.90","4.2","https://www.amazon.sa//-/en/3E-Bi-Color-Silicone-Bracelet-Replacement/dp/B08MT7LN8H/ref=zg_bs_g_16966397031_d_sccl_4/257-6020925-8982453?psc=1"
"#55","QHOHQ Touch Sensitive HD Bumper Hard PC Case with Tempered Glass Screen Protector For Apple Watch Series 7 (45mm, Black) - Pack of 2","SAR 13.99","4.3","https://www.amazon.sa//-/en/QHOHQ-Sensitive-Apple-Watch-45mm/dp/B09GXFN2D2/ref=zg_bs_g_16966397031_d_sccl_5/257-6020925-8982453?psc=1"
"#56","Xiaomi Mi Smart Band 8 (Global Version) 16-Day Battery Life, 150+ Sports Modes, Blood Oxygen, Heart Rate,Sleep & Stress Monitoring, Black","SAR 179.00","4.2","https://www.amazon.sa//-/en/Xiaomi-Global-Version-Battery-Monitoring/dp/B0CGX7VD4X/ref=zg_bs_g_16966397031_d_sccl_6/257-6020925-8982453?psc=1"
"#57","Compatible with Apple Watch Band 49mm 45mm 44mm 42mm for Women Men, Air Hole Design Breathable Soft Silicone Sport Wristband Strap Compatible for iWatch Ultra SE Series 8/7/6/5/4/3/2/1 Black","SAR 15.98","3.9","https://www.amazon.sa//-/en/Compatible-Design-Breathable-Silicone-Wristband/dp/B0C78K3VJW/ref=zg_bs_g_16966397031_d_sccl_7/257-6020925-8982453?psc=1"
"#58","JETech Screen Protector for Apple Watch Ultra 2/1 49mm, Tempered Glass, HD Clear, 3 Pack","SAR 26.99","4.2","https://www.amazon.sa//-/en/JETech-Screen-Protector-Apple-Tempered/dp/B0BGHWQJVN/ref=zg_bs_g_16966397031_d_sccl_8/257-6020925-8982453?psc=1"
"#59","HUAWEI WATCH GT 4 41mm Smart Watch, 7 Days Battery Life, Science-based Calorie Management, Pulse Wave Arrhythmia Analysis, TruSeen 5.5+ Heart Rate Monitor, Compatible with Andriod & iOS, Light Gold","SAR 749.00","4.5","https://www.amazon.sa//-/en/HUAWEI-Science-based-Management-Arrhythmia-Compatible/dp/B0CGTFZQRL/ref=zg_bs_g_16966397031_d_sccl_9/257-6020925-8982453?psc=1"
"#60","DMG Kids Smart Watch Girls Boys, Smart Watch for Kids Game Smart Watch Gifts for 4-16 Years Old with Sleep Mode 20 Sports Modes 5 Games Pedometer Birthday Gift for Boys Girls (Green)","SAR 96.39","5.0","https://www.amazon.sa//-/en/DMG-Smart-Sports-Pedometer-Birthday/dp/B0CF45PDKS/ref=zg_bs_g_16966397031_d_sccl_10/257-6020925-8982453?psc=1"
"#61","Smart Watch for Men Women(Bluetooth Answer/Make Call), Smartwatch Alexa Built-in, 1.8"" Fitness Watch with Heart Rate/SpO2/Sleep Monitor/100 Sports/IP68 Waterproof, Activity Trackers (khaki)","SAR 137.90","4.2","https://www.amazon.sa//-/en/Bluetooth-Smartwatch-Waterproof-Activity-Trackers/dp/B0BXLD6CJG/ref=zg_bs_g_16966397031_d_sccl_11/257-6020925-8982453?psc=1"
"#62","Compatible With Xiaomi Smart Bracelet Can Adjust the Sports Belt Accessories Bracelet Silicone Strap, Compatible With Xiaomi Bracelet 5/6/7","SAR 8.49","4.1","https://www.amazon.sa//-/en/Compatible-Xiaomi-Bracelet-Accessories-Silicone/dp/B0B3VFDH58/ref=zg_bs_g_16966397031_d_sccl_12/257-6020925-8982453?psc=1"
"#63","UCHUANG 22mm Watch Band Genuine Leather Strap for Samsung HUAWEI Watch for Galaxy Watch 3, Gear S3 Frontier Replacement Straps, for HUAWEI Watch 3/3Pro/GT2(46mm)/GT2 Pro/GT 2e(Navy Blue)","SAR 36.75","4.2","https://www.amazon.sa//-/en/UCHUANG-Genuine-Leather-Frontier-Replacement/dp/B0BBVY98K2/ref=zg_bs_g_16966397031_d_sccl_13/257-6020925-8982453?psc=1"
"#64","Samsung Galaxy Watch6 Classic Smartwatch, Health Monitoring, Fitness Tracker, Fast Charging Battery, Bluetooth, 47mm, Black (KSA Version)","SAR 999.00","4.6","https://www.amazon.sa//-/en/Samsung-Smartwatch-Monitoring-Charging-Bluetooth/dp/B0CC9Y3TS6/ref=zg_bs_g_16966397031_d_sccl_14/257-6020925-8982453?psc=1"
"#65","HUAWEI Band 7 Smartwatch Health and Fitness Tracker, Slim bezel-less screen, 2-week battery life, SpO2 Blood Oxygen & Heart Rate monitor, Sleep Tracking, Stress Monitoring, 96 Workout Modes, Green","SAR 103.00","4.5","https://www.amazon.sa//-/en/HUAWEI-Smartwatch-bezel-less-Tracking-Monitoring/dp/B0B1J5C7W8/ref=zg_bs_g_16966397031_d_sccl_15/257-6020925-8982453?psc=1"
"#66","Mini Rechargeable Smart Tasbih Zikr Ring,Muslim Prayer, Prayer timing reminder,Waterproof Digital LCD Electronic Finger Counter (Black, 18MM)","SAR 66.00","2.5","https://www.amazon.sa//-/en/Rechargeable-reminder-Waterproof-Digital-Electronic/dp/B0BQ36S2L6/ref=zg_bs_g_16966397031_d_sccl_16/257-6020925-8982453?psc=1"
"#67","Screen Protector Compatible with Huawei Watch Fit, 1-Pack TPU Full Coverage Screen Cover Case Scratch-free High Sensitivity Screen Protector for Huawei Watch Fit (Clear)","SAR 15.99","3.8","https://www.amazon.sa//-/en/Protector-Compatible-Coverage-Scratch-free-Sensitivity/dp/B08RHX5KNM/ref=zg_bs_g_16966397031_d_sccl_17/257-6020925-8982453?psc=1"
"#68","HUAWEI WATCH FIT Special Edition Smart Watch, 1.64-inch HD AMOLED Display, Built-in GPS, Scientific Sleep Tracking, Quick Replies for Third-Party Apps, Compatible with Android & iOS Devices, Pink","SAR 249.00","4.4","https://www.amazon.sa//-/en/HUAWEI-1-64-inch-Scientific-Third-Party-Compatible/dp/B0CDC2YGRT/ref=zg_bs_g_16966397031_d_sccl_18/257-6020925-8982453?psc=1"
"#69","UCHUANG 22mm Watch Band Genuine Leather Strap for Samsung HUAWEI Watch for Galaxy Watch 3, Gear S3 Frontier Replacement Straps, for HUAWEI Watch 3/3Pro/GT2(46mm)/GT2 Pro/GT 2e(Dark Brown)","SAR 36.75","4.2","https://www.amazon.sa//-/en/UCHUANG-Genuine-Leather-Frontier-Replacement/dp/B0BBW5TMJG/ref=zg_bs_g_16966397031_d_sccl_19/257-6020925-8982453?psc=1"
"#70","Military Smart Watch for Men Outdoor Waterproof Smartwatch Bluetooth Dail Calls Speaker 1.3'' HD Touch Screen Fitness Tracker Watch Compatible with iPhone Samsung (Black)","SAR 170.99","3.9","https://www.amazon.sa//-/en/Military-Waterproof-Smartwatch-Bluetooth-Compatible/dp/B09B9TB61G/ref=zg_bs_g_16966397031_d_sccl_20/257-6020925-8982453?psc=1"
"#71","DMG Smart Watch for Kids, Kids Fitness Activity Tracker Watch with Heart Rate, Sleep Monitor, Pedometers, IP68 Waterproof Kids Watch with 8 Sports Modes, Good Gift for Age 6+ Kids Teens","SAR 88.29","4.3","https://www.amazon.sa//-/en/DMG-Fitness-Activity-Pedometers-Waterproof/dp/B0BG48N9RF/ref=zg_bs_g_16966397031_d_sccl_21/257-6020925-8982453?psc=1"
"#72","Sport Silicone Bracelet, Replacement Band for Huawei Watch GT, GT2, GT2 Pro 46MM Size (22MM) | Watch 3 45MM, S3 S4 46MM, Active2 44MM | Honor Magic2 46MM (Black/Black)","Price N/A","4.4","https://www.amazon.sa//-/en/Silicone-Bracelet-Replacement-Huawei-Active2/dp/B09373WVL5/ref=zg_bs_g_16966397031_d_sccl_22/257-6020925-8982453?psc=1"
"#73","T Tersely Charger Compatible with Huawei Watch Fit, USB Charging Cable Cord Base Dock Charger Adapter Stand For Huawei Band 6 smartwatch (White)","SAR 17.99","4.5","https://www.amazon.sa//-/en/Tersely-Charger-Compatible-Charging-smartwatch/dp/B0B3RHS9Q3/ref=zg_bs_g_16966397031_d_sccl_23/257-6020925-8982453?psc=1"
"#74","Dado Magnetic Buckle Silicone Band Compatible with Huawei Watch GT4 46mm | Ultimate | GT3 | GT2 | Watch 3/4 46mm & 48mm, Soft Silicone Watch Strap","Price N/A","Rating N/A","https://www.amazon.sa//-/en/Dado-Magnetic-Silicone-Compatible-Ultimate/dp/B0CP1X672Q/ref=zg_bs_g_16966397031_d_sccl_24/257-6020925-8982453?psc=1"
"#75","INFOSUN Watch Band Strap 42mm 44mm 45mm 49mm Compatible with Apple Watch Stainless Steel Metal Bands, Replacement Wristband, for iWatch Ultra/Ultra 2 Series 9/8/7/6/5/4/3/2/1(Black)","SAR 69.99","3.7","https://www.amazon.sa//-/en/INFOSUN-Compatible-Stainless-Replacement-Wristband/dp/B09XQ26T6V/ref=zg_bs_g_16966397031_d_sccl_25/257-6020925-8982453?psc=1"
"#76","Samsung Galaxy Watch6 Smartwatch, Health Monitoring, Fitness Tracker, Bluetooth, 40mm, Graphite (KSA Version)","SAR 864.26","4.4","https://www.amazon.sa//-/en/Samsung-Smartwatch-Monitoring-Bluetooth-Graphite/dp/B0CC9X7GW5/ref=zg_bs_g_16966397031_d_sccl_26/257-6020925-8982453?psc=1"
"#77","JETech Case with Screen Protector Compatible with Apple Watch Series 9 8 7 41mm, Overall Protective Cover, Built-in Tempered Glass Film High Sensitivity, 2 Pack (Clear)","SAR 31.99","4.2","https://www.amazon.sa//-/en/JETech-Protector-Compatible-Protective-Sensitivity/dp/B0B7XFFJLR/ref=zg_bs_g_16966397031_d_sccl_27/257-6020925-8982453?psc=1"
"#78","Smart Watch for Women, AGPTEK 1.69"" HD Touch Screen Smartwatch for Android and iOS Phones IP68 Waterproof Fitness Tracker Watch Heart Rate Monitor Pedometer Sleep Monitor for Women Gold","SAR 126.73","3.8","https://www.amazon.sa//-/en/AGPTEK-Smartwatch-Android-Waterproof-Pedometer/dp/B0923MDZZ8/ref=zg_bs_g_16966397031_d_sccl_28/257-6020925-8982453?psc=1"
"#79","Xiaomi Redmi Smart Watch 3 Active Gray| 1.83 Inch Big LCD Display, 5ATM Water Resistant, 12 Days Battery Life, GPS, 100+ Workout Mode, Heart Rate Monitor, Full Scale Fitness Tracking","SAR 165.00","4.4","https://www.amazon.sa//-/en/Xiaomi-Display-Resistant-Battery-Tracking/dp/B0C8JYNTKZ/ref=zg_bs_g_16966397031_d_sccl_29/257-6020925-8982453?psc=1"
"#80","Azonee (4Pack) Premium Screen Protector for Huawei Watch GT 4 46mm Tempered Glass Film Guard Cover Genuine Glass One Push Super Easy Installation","SAR 26.91","4.2","https://www.amazon.sa//-/en/Azonee-Premium-Protector-Tempered-Installation/dp/B0CNSX8WKF/ref=zg_bs_g_16966397031_d_sccl_30/257-6020925-8982453?psc=1"
"#81","Compatible with Apple Watch Band 49mm 45mm 44mm 42mm 41mm 40mm 38mm for Women and Men, Magnetic Metal Stainless Steel Mesh Loop Strap Compatible for iWatch Ultra Series 8 7 6 5 4 3 2 1 SE Multi","SAR 36.99","4.1","https://www.amazon.sa//-/en/Compatible-Magnetic-Stainless-Wristband-iWatch/dp/B0C2GYPVR7/ref=zg_bs_g_16966397031_d_sccl_81/257-6020925-8982453?psc=1"
"#82","【2+3 Pack】T Tersely Case and Screen Protector for Samsung Galaxy Watch 5 Pro, with 2 Hard PC Bumper Case and 3 Tempered Glass Screen Protector Ultra Clear Slim Full Cover (Black+Transparent)","SAR 26.99","4.3","https://www.amazon.sa//-/en/Tersely-Protector-Samsung-Tempered-Transparent/dp/B0BG4VFZT8/ref=zg_bs_g_16966397031_d_sccl_82/257-6020925-8982453?psc=1"
"#83","OneNine 7pcs Accessory Set for Meta Quest 3, VR Headset Shell Cover, VR Face Cover, VR Grip Sleeves, Button Rocker Caps, Lens Protective Cover, Wiping Cloth, Eye Mask, VR Accessories for Meta Quest 3","SAR 95.99","Rating N/A","https://www.amazon.sa//-/en/OneNine-Accessory-Headset-Protective-Accessories/dp/B0CPSLZJKY/ref=zg_bs_g_16966397031_d_sccl_83/257-6020925-8982453?psc=1"
"#84","Watch Straps, Replacement Watch Bands for Huawei Watch FIT 2 Soft Rubber Wrist Bracelet Smartwatch Accessories Multiple Colors Strap Silicone Band","SAR 29.00","3.5","https://www.amazon.sa//-/en/Replacement-Bracelet-Smartwatch-Accessories-Multiple/dp/B0BZK8XKXR/ref=zg_bs_g_16966397031_d_sccl_84/257-6020925-8982453?psc=1"
"#85","Goodun Activity Tracker,F57L Blood Glucose Monitoring Smartwatch,Non-invasive Blood Sugar Test, Fitness Tracking with Blood Pressure, Heart Rate Monitor (BLACK)","SAR 155.00","3.6","https://www.amazon.sa//-/en/Goodun-Activity-Monitoring-Smartwatch-Non-invasive/dp/B0CRBHRP26/ref=zg_bs_g_16966397031_d_sccl_85/257-6020925-8982453?psc=1"
"#86","Compatible Huawei Watch 4 Pro strap/GT 4 46mm/GT 3 46mm/GT 2 46mm watchband replacement compatible with Huawei Watch 3/Watch 3 Pro 22mm classic band for men and women","SAR 53.66","Rating N/A","https://www.amazon.sa//-/en/Compatible-watchband-replacement-compatible-classic/dp/B0CPSRDGKN/ref=zg_bs_g_16966397031_d_sccl_86/257-6020925-8982453?psc=1"
"#87","DMG Kids Smart Watch,Multifunction Rechargeable Touch Screen Toddler Watch with HD Photograph,Gaming and Music Player Educational Toys, Birthday Gifts for Girls Boys Ages 6-12(Black)","SAR 107.10","4.1","https://www.amazon.sa//-/en/DMG-Multifunction-Rechargeable-Educational-Black/dp/B0BFVXCLH3/ref=zg_bs_g_16966397031_d_sccl_87/257-6020925-8982453?psc=1"
"#88","JETech Screen Protector for Apple Watch SE (2022/2020) /Series 6 5 4 40mm, Flexible TPU Film, Anti-Scratch HD Clear, 3-Pack","SAR 26.99","4.1","https://www.amazon.sa//-/en/JETech-Screen-Protector-Flexible-Anti-Scratch/dp/B07QNR9R9J/ref=zg_bs_g_16966397031_d_sccl_88/257-6020925-8982453?psc=1"
"#89","Coho Fit for Huawei Watch GT Bands 46mm, Samsung Galaxy Watch(46mm) Bands,TicWatch Pro 22mm Quick Release Genuine Leather Silicone Hybrid Watch Band (Brown)","SAR 28.74","3.9","https://www.amazon.sa//-/en/Samsung-TicWatch-Release-Genuine-Silicone/dp/B08BJSCV5Z/ref=zg_bs_g_16966397031_d_sccl_89/257-6020925-8982453?psc=1"
"#90","Silicone Replacment Band Compatible with Samsung Galaxy Watch 5/4 44/40mm, Watch 5 Pro 45mm, 4 Classic 46/42mm, Quick Release Silicone Straps for Women Men","SAR 21.98","4.4","https://www.amazon.sa//-/en/Silicone-Replacment-Compatible-Samsung-Classic/dp/B0CB3122LG/ref=zg_bs_g_16966397031_d_sccl_90/257-6020925-8982453?psc=1"
"#91","JETech 4+4 Pack Case and Screen Protector for Samsung Galaxy Watch 6 Classic 47mm, Tempered Glass Film Protective Hard PC Bumper Cover (Black/Clear/Silver/Blue)","SAR 31.99","4.1","https://www.amazon.sa//-/en/JETech-Protector-Samsung-Tempered-Protective/dp/B0CGV4T1KV/ref=zg_bs_g_16966397031_d_sccl_91/257-6020925-8982453?psc=1"
"#92","BYXBYM 2-pack all stainless steel three bead watch strap compatible with Huawei band 8watch bands, adjustable length band 8 classic wrist strap replacement strap","SAR 67.99","Rating N/A","https://www.amazon.sa//-/en/BYXBYM-stainless-compatible-adjustable-replacement/dp/B0CMHH5DL7/ref=zg_bs_g_16966397031_d_sccl_92/257-6020925-8982453?psc=1"
"#93","SoundPEATS Watch Pro 1 Charging Cable","SAR 19.99","4.2","https://www.amazon.sa//-/en/SoundPEATS-Watch-Pro-Charging-Cable/dp/B0B8CR44B6/ref=zg_bs_g_16966397031_d_sccl_93/257-6020925-8982453?psc=1"
"#94","Spigen Lite Fit Ultra Band designed for Apple Watch Band for Apple Watch Ultra 2 / Ultra (49mm), Series 9/8/7 (45mm), Series SE2/6/SE/5/4 (44mm) and Series 3/2/1 (42mm) Nylon Solo Loop - Navy","SAR 132.00","4.3","https://www.amazon.sa//-/en/Spigen-Ultra-designed-Apple-Watch/dp/B0BNM287YC/ref=zg_bs_g_16966397031_d_sccl_94/257-6020925-8982453?psc=1"
"#95","Fitbit by Google Charge 6 Activity Tracker with 6-months Premium Membership Included, 7 days battery life and Google Wallet and Google Maps - Obsidian/Black Aluminium","SAR 626.83","4.3","https://www.amazon.sa//-/en/Fitbit-Activity-6-months-Membership-Included/dp/B0CHN2F11G/ref=zg_bs_g_16966397031_d_sccl_95/257-6020925-8982453?psc=1"
"#96","INFOSUN for Apple Watch Band 38mm 40mm 41mm","SAR 25.58","4.3","https://www.amazon.sa//-/en/INFOSUN-Apple-Replacement-Elastic-Wristband/dp/B0BNXSHCFZ/ref=zg_bs_g_16966397031_d_sccl_96/257-6020925-8982453?psc=1"
"#97","Newentor 22mm Leather Watch Strap Compatible with Huawei GT4 46mm/GT3 46mm/GT3 Pro/Watch 3/GT2e/GT2 pro/GT2 42mm 46mm Replacement Strap Compatible with Samsung Galaxy Watch 3 45mm/Gear S3","SAR 41.00","4.6","https://www.amazon.sa//-/en/Newentor-Leather-Compatible-Replacement-Samsung/dp/B0CNKGSZS2/ref=zg_bs_g_16966397031_d_sccl_97/257-6020925-8982453?psc=1"
"#98","MOTONG Compatible with Fitbit Charge 6 Replacement Band Silicone Replacement Wrist Watch Band Strap Compatible with Fitbit Charge 6 / Charge 5","SAR 43.29","Rating N/A","https://www.amazon.sa//-/en/MOTONG-Compatible-Fitbit-Replacement-Silicone/dp/B0CKVDSRBH/ref=zg_bs_g_16966397031_d_sccl_98/257-6020925-8982453?psc=1"
"#99","4Pcs Silicone Strap for Huawei Band 8 Replacement Belt Watchband for Huawei Band 8 WristBand Bracelet","SAR 35.00","4.0","https://www.amazon.sa//-/en/Silicone-Replacement-Watchband-WristBand-Bracelet/dp/B0CN4N1ZK9/ref=zg_bs_g_16966397031_d_sccl_99/257-6020925-8982453?psc=1"
"#100","UGREEN Apple Watch USB C Magnetic Charger 【2024 Upgrade】【Apple MFi Certified iWatch Charging Braided Type C Cable Magnetic Wireless Charger for Apple Watch Series Ultra/9/8/7/6/SE/5/4/3/2/1 - White","SAR 159.20","4.2","https://www.amazon.sa//-/en/UGREEN-Magnetic-Upgrade%E3%80%91%E3%80%90Apple-Certified-Charging/dp/B0CCS2DPGJ/ref=zg_bs_g_16966397031_d_sccl_100/257-6020925-8982453?psc=1"